{
    "features": [
        "open",
        "high",
        "low",
        "close",
        "volume",
        "trade_count",
        "net_trade",
        "vwap",
        "avg_spread",
        "avg_mid_price",
        "avg_bid_depth",
        "avg_ask_depth",
        "avg_imbalance",
        "avg_score",
        "tweet_count",
        "positive_count",
        "negative_count",
        "net_flow_usd"
    ],
    "mins": {
        "open": 0.0,
        "high": 0.0,
        "low": 0.0,
        "close": 0.0,
        "volume": 0.0,
        "trade_count": 0.0,
        "net_trade": -1314.381000000406,
        "vwap": 0.0,
        "avg_spread": 0.0,
        "avg_mid_price": 0.0,
        "avg_bid_depth": 0.0,
        "avg_ask_depth": 0.0,
        "avg_imbalance": -0.8430679110341759,
        "avg_score": -0.222208,
        "tweet_count": 0.0,
        "positive_count": 0.0,
        "negative_count": 0.0,
        "net_flow_usd": -2297247.201749088
    },
    "maxs": {
        "open": 81962.0,
        "high": 81999.0,
        "low": 81841.1,
        "close": 81962.0,
        "volume": 5070.589000001242,
        "trade_count": 26984.0,
        "net_trade": 1483.7910000005088,
        "vwap": 81929.77596134109,
        "avg_spread": 0.3757894736826481,
        "avg_mid_price": 81975.45855555557,
        "avg_bid_depth": 13.125181555555557,
        "avg_ask_depth": 17.8592420754717,
        "avg_imbalance": 0.9105498926150005,
        "avg_score": 0.874315,
        "tweet_count": 180.0,
        "positive_count": 51.0,
        "negative_count": 34.0,
        "net_flow_usd": 7717910.15625
    }
}