{
    "features": [
        "open",
        "high",
        "low",
        "close",
        "volume",
        "trade_count",
        "net_trade",
        "vwap",
        "avg_spread",
        "avg_mid_price",
        "avg_bid_depth",
        "avg_ask_depth",
        "avg_imbalance",
        "avg_score",
        "tweet_count",
        "positive_count",
        "negative_count",
        "net_flow_usd"
    ],
    "mins": {
        "open": 0.0,
        "high": 0.0,
        "low": 0.0,
        "close": 0.0,
        "volume": 0.0,
        "trade_count": 0.0,
        "net_trade": -19593.11999999979,
        "vwap": 0.0,
        "avg_spread": 0.0,
        "avg_mid_price": 0.0,
        "avg_bid_depth": 0.0,
        "avg_ask_depth": 0.0,
        "avg_imbalance": -0.5733198413755983,
        "avg_score": -0.957253,
        "tweet_count": 0.0,
        "positive_count": 0.0,
        "negative_count": 0.0,
        "net_flow_usd": -33575250.18217817
    },
    "maxs": {
        "open": 690.11,
        "high": 690.55,
        "low": 689.12,
        "close": 690.12,
        "volume": 43108.60999999929,
        "trade_count": 9258.0,
        "net_trade": 13293.509999999198,
        "vwap": 689.7760281924562,
        "avg_spread": 0.01215686274509367,
        "avg_mid_price": 689.1936274509804,
        "avg_bid_depth": 1074.5620784313724,
        "avg_ask_depth": 773.209716981132,
        "avg_imbalance": 0.7023517018643691,
        "avg_score": 0.934239,
        "tweet_count": 34.0,
        "positive_count": 17.0,
        "negative_count": 7.0,
        "net_flow_usd": 2230548.2476404575
    }
}