{
    "features": [
        "open",
        "high",
        "low",
        "close",
        "volume",
        "trade_count",
        "net_trade",
        "vwap",
        "avg_spread",
        "avg_mid_price",
        "avg_bid_depth",
        "avg_ask_depth",
        "avg_imbalance",
        "avg_score",
        "tweet_count",
        "positive_count",
        "negative_count",
        "net_flow_usd"
    ],
    "mins": {
        "open": 0.0,
        "high": 0.0,
        "low": 0.0,
        "close": 0.0,
        "volume": 0.0,
        "trade_count": 0.0,
        "net_trade": -169169.52000000124,
        "vwap": 0.0,
        "avg_spread": 0.0,
        "avg_mid_price": 0.0,
        "avg_bid_depth": 0.0,
        "avg_ask_depth": 0.0,
        "avg_imbalance": -0.4602070162951974,
        "avg_score": -0.922689,
        "tweet_count": 0.0,
        "positive_count": 0.0,
        "negative_count": 0.0,
        "net_flow_usd": -20082992.618188735
    },
    "maxs": {
        "open": 95.75,
        "high": 95.97,
        "low": 95.72,
        "close": 95.76,
        "volume": 550182.18,
        "trade_count": 4303.0,
        "net_trade": 216728.52000000176,
        "vwap": 95.80689987864322,
        "avg_spread": 0.010192307692307988,
        "avg_mid_price": 95.815487804878,
        "avg_bid_depth": 31362.936933333345,
        "avg_ask_depth": 41906.45615686275,
        "avg_imbalance": 0.6049721310929123,
        "avg_score": 0.895656,
        "tweet_count": 113.0,
        "positive_count": 28.0,
        "negative_count": 16.0,
        "net_flow_usd": 11249813.863409216
    }
}