{
    "features": [
        "open",
        "high",
        "low",
        "close",
        "volume",
        "trade_count",
        "net_trade",
        "vwap",
        "avg_spread",
        "avg_mid_price",
        "avg_bid_depth",
        "avg_ask_depth",
        "avg_imbalance",
        "avg_score",
        "tweet_count",
        "positive_count",
        "negative_count",
        "net_flow_usd"
    ],
    "mins": {
        "open": 0.0,
        "high": 0.0,
        "low": 0.0,
        "close": 0.0,
        "volume": 0.0,
        "trade_count": 0.0,
        "net_trade": -70455.81099999924,
        "vwap": 0.0,
        "avg_spread": 0.0,
        "avg_mid_price": 0.0,
        "avg_bid_depth": 0.0,
        "avg_ask_depth": 0.0,
        "avg_imbalance": -0.7061708466589783,
        "avg_score": -0.906707,
        "tweet_count": 0.0,
        "positive_count": 0.0,
        "negative_count": 0.0,
        "net_flow_usd": -75079980.53811419
    },
    "maxs": {
        "open": 2322.39,
        "high": 2322.68,
        "low": 2320.29,
        "close": 2322.39,
        "volume": 255558.88299998615,
        "trade_count": 43584.0,
        "net_trade": 28651.956999999347,
        "vwap": 2321.5794484755397,
        "avg_spread": 0.014705882353074925,
        "avg_mid_price": 2322.6790000000005,
        "avg_bid_depth": 405.27114375,
        "avg_ask_depth": 242.47860204081636,
        "avg_imbalance": 0.9600736919152922,
        "avg_score": 0.804221,
        "tweet_count": 65.0,
        "positive_count": 23.0,
        "negative_count": 9.0,
        "net_flow_usd": 34635816.222191766
    }
}