{
    "features": [
        "open",
        "high",
        "low",
        "close",
        "volume",
        "trade_count",
        "net_trade",
        "vwap",
        "avg_spread",
        "avg_mid_price",
        "avg_bid_depth",
        "avg_ask_depth",
        "avg_imbalance",
        "avg_score",
        "tweet_count",
        "positive_count",
        "negative_count",
        "net_flow_usd"
    ],
    "mins": {
        "open": 80.11,
        "high": 80.12,
        "low": 79.91,
        "close": 80.12,
        "volume": 0.18,
        "trade_count": 1.0,
        "net_trade": -617273.0600000084,
        "vwap": 80.12,
        "avg_spread": 0.00999999999999319,
        "avg_mid_price": 80.21785714285716,
        "avg_bid_depth": 4947.768365384616,
        "avg_ask_depth": 5703.891034482757,
        "avg_imbalance": -0.6211744109444285,
        "avg_score": -0.499243,
        "tweet_count": 0.0,
        "positive_count": 0.0,
        "negative_count": 0.0,
        "net_flow_usd": -9535831.46885317
    },
    "maxs": {
        "open": 86.89,
        "high": 86.94,
        "low": 86.89,
        "close": 86.89,
        "volume": 2408564.8199999933,
        "trade_count": 12785.0,
        "net_trade": 143816.69999999955,
        "vwap": 86.89,
        "avg_spread": 0.010677966101694839,
        "avg_mid_price": 86.69962962962965,
        "avg_bid_depth": 34627.08982857146,
        "avg_ask_depth": 27983.076176470593,
        "avg_imbalance": 0.6422484843942423,
        "avg_score": 0.799976,
        "tweet_count": 91.0,
        "positive_count": 35.0,
        "negative_count": 10.0,
        "net_flow_usd": 19332372.86669399
    },
    "optimal_threshold": 0.00678678136318922,
    "auc_score": 0.8127572016460906
}