{
    "features": [
        "open",
        "high",
        "low",
        "close",
        "volume",
        "trade_count",
        "net_trade",
        "vwap",
        "avg_spread",
        "avg_mid_price",
        "avg_bid_depth",
        "avg_ask_depth",
        "avg_imbalance",
        "avg_score",
        "tweet_count",
        "positive_count",
        "negative_count",
        "net_flow_usd"
    ],
    "mins": {
        "open": 1974.77,
        "high": 1975.99,
        "low": 1965.48,
        "close": 1974.77,
        "volume": 0.001,
        "trade_count": 1.0,
        "net_trade": -84159.93599997513,
        "vwap": 1971.4571924441673,
        "avg_spread": 0.009999999999763531,
        "avg_mid_price": 1974.2180882352943,
        "avg_bid_depth": 20.9645,
        "avg_ask_depth": 23.101512727272727,
        "avg_imbalance": -0.7935375159602311,
        "avg_score": -0.600159,
        "tweet_count": 0.0,
        "positive_count": 0.0,
        "negative_count": 0.0,
        "net_flow_usd": -289932381.6437528
    },
    "maxs": {
        "open": 2127.45,
        "high": 2129.55,
        "low": 2127.24,
        "close": 2127.44,
        "volume": 477695.36599989684,
        "trade_count": 64114.0,
        "net_trade": 30968.11699999938,
        "vwap": 2127.263419253237,
        "avg_spread": 0.03220338983052543,
        "avg_mid_price": 2127.763545454545,
        "avg_bid_depth": 525.9694132352942,
        "avg_ask_depth": 954.756572881356,
        "avg_imbalance": 0.5710611037231811,
        "avg_score": 0.666367,
        "tweet_count": 59.0,
        "positive_count": 17.0,
        "negative_count": 12.0,
        "net_flow_usd": 286852506.9933728
    },
    "optimal_threshold": 0.005249548703432083,
    "auc_score": 0.7522420313344138
}