{
    "features": [
        "open",
        "high",
        "low",
        "close",
        "volume",
        "trade_count",
        "net_trade",
        "vwap",
        "avg_spread",
        "avg_mid_price",
        "avg_bid_depth",
        "avg_ask_depth",
        "avg_imbalance",
        "avg_score",
        "tweet_count",
        "positive_count",
        "negative_count",
        "net_flow_usd"
    ],
    "mins": {
        "open": 630.72,
        "high": 630.78,
        "low": 629.41,
        "close": 629.71,
        "volume": 0.01,
        "trade_count": 1.0,
        "net_trade": -10287.419999999925,
        "vwap": 630.1473630430917,
        "avg_spread": 0.009999999999990905,
        "avg_mid_price": 629.6263043478262,
        "avg_bid_depth": 50.243925925925915,
        "avg_ask_depth": 49.82110000000001,
        "avg_imbalance": -0.48104052561698973,
        "avg_score": -0.955182,
        "tweet_count": 0.0,
        "positive_count": 0.0,
        "negative_count": 0.0,
        "net_flow_usd": -446405.4327274686
    },
    "maxs": {
        "open": 672.36,
        "high": 672.72,
        "low": 671.99,
        "close": 672.64,
        "volume": 32189.759999999522,
        "trade_count": 8051.0,
        "net_trade": 8372.340000000035,
        "vwap": 672.1562341052421,
        "avg_spread": 0.012413793103450706,
        "avg_mid_price": 671.832037037037,
        "avg_bid_depth": 1158.7826071428576,
        "avg_ask_depth": 387.03899999999993,
        "avg_imbalance": 0.7049232704643164,
        "avg_score": 0.940392,
        "tweet_count": 21.0,
        "positive_count": 7.0,
        "negative_count": 8.0,
        "net_flow_usd": 1927872.648163146
    },
    "optimal_threshold": 0.005675441585481167,
    "auc_score": 0.7334432885054554
}