{
    "features": [
        "open",
        "high",
        "low",
        "close",
        "volume",
        "trade_count",
        "net_trade",
        "vwap",
        "avg_spread",
        "avg_mid_price",
        "avg_bid_depth",
        "avg_ask_depth",
        "avg_imbalance",
        "avg_score",
        "tweet_count",
        "positive_count",
        "negative_count",
        "net_flow_usd"
    ],
    "mins": {
        "open": 72732.0,
        "high": 72861.2,
        "low": 72556.0,
        "close": 72731.9,
        "volume": 0.001,
        "trade_count": 1.0,
        "net_trade": -3966.5600000012582,
        "vwap": 72669.91442733025,
        "avg_spread": 0.00999999999476131,
        "avg_mid_price": 72742.45683823529,
        "avg_bid_depth": 1.4610589999999999,
        "avg_ask_depth": 0.12497,
        "avg_imbalance": -0.6939324216758664,
        "avg_score": -0.876471,
        "tweet_count": 0.0,
        "positive_count": 0.0,
        "negative_count": 0.0,
        "net_flow_usd": -1348061.283142088
    },
    "maxs": {
        "open": 77598.0,
        "high": 77650.0,
        "low": 77587.6,
        "close": 77603.9,
        "volume": 10516.368000005252,
        "trade_count": 54333.0,
        "net_trade": 3865.966000001059,
        "vwap": 77625.18793923597,
        "avg_spread": 0.26785714285423246,
        "avg_mid_price": 77663.29178571433,
        "avg_bid_depth": 33.93709642857143,
        "avg_ask_depth": 37.77307981481482,
        "avg_imbalance": 0.9602277428758743,
        "avg_score": 0.666216,
        "tweet_count": 124.0,
        "positive_count": 26.0,
        "negative_count": 41.0,
        "net_flow_usd": 2212953.119445512
    },
    "optimal_threshold": 0.00498035317286849,
    "auc_score": 0.7317911131470454
}