{
    "features": [
        "open",
        "high",
        "low",
        "close",
        "volume",
        "trade_count",
        "net_trade",
        "vwap",
        "avg_spread",
        "avg_mid_price",
        "avg_bid_depth",
        "avg_ask_depth",
        "avg_imbalance",
        "avg_score",
        "tweet_count",
        "positive_count",
        "negative_count",
        "net_flow_usd"
    ],
    "mins": {
        "open": 8.732,
        "high": 8.746,
        "low": 8.705,
        "close": 8.731,
        "volume": 1.0,
        "trade_count": 1.0,
        "net_trade": -179936.0,
        "vwap": 8.726686500841819,
        "avg_spread": 0.0009999999999994458,
        "avg_mid_price": 8.742814285714285,
        "avg_bid_depth": 8418.797454545453,
        "avg_ask_depth": 6749.883518518521,
        "avg_imbalance": -0.530284098530807,
        "avg_score": -0.966579,
        "tweet_count": 0.0,
        "positive_count": 0.0,
        "negative_count": 0.0,
        "net_flow_usd": -4248.432256857634
    },
    "maxs": {
        "open": 9.943,
        "high": 9.957,
        "low": 9.935,
        "close": 9.947,
        "volume": 746880.0,
        "trade_count": 4602.0,
        "net_trade": 114735.0,
        "vwap": 9.946984887396288,
        "avg_spread": 0.010000000000001528,
        "avg_mid_price": 9.95038461538461,
        "avg_bid_depth": 100883.78156862746,
        "avg_ask_depth": 85281.51113207547,
        "avg_imbalance": 0.3507868611947072,
        "avg_score": 0.876835,
        "tweet_count": 11.0,
        "positive_count": 10.0,
        "negative_count": 4.0,
        "net_flow_usd": 23215.786855866692
    },
    "optimal_threshold": 0.003070996841415763,
    "auc_score": 0.7762148337595907
}